router,router_version_or_sha,negotiated_sam_version,feature,dialect,result,diagnostic_category,local_destination_hash,notes
Java I2P,2.13.1-1~ubuntu4,3.3,stream,not applicable,pass,,7d9a6e7540257f9854fdf9c487ff28a8f33a696840f99b06d2fa5978ede8e910,stream_http_service_request_response to hqlkjlb3ehnwjd2i64ikghjlmdrz3ws43yc2nehhdilvgwwpxjuq.b32.i2p: HTTP 200 OK response_bytes=1186 body_bytes=998; artifact=artifacts/interop/m011-2026-10-08/java-i2p-conformance.json
Java I2P,2.13.1-1~ubuntu4,3.3,datagram,not applicable,pass,,0fb4c194991e1ae150c2858ec2ebaa96232009a8fb02fe8fa44873ea532b85fe,datagram_payload_exchange_udp_forward: exact payload match over same-router receiver session
Java I2P,2.13.1-1~ubuntu4,3.3,datagram,not applicable,pass,,61740505479d2aa8b5ed8cbce9e7239daac0f8077239ff3031029321d77219fe,datagram_payload_exchange_control_socket: exact payload match over same-router receiver session
Java I2P,2.13.1-1~ubuntu4,3.3,raw,not applicable,pass,,071034d765f47b52d8b6cb1a74bd3c1b85def06542197dc286042f1d5fc97e88,datagram_payload_exchange_udp_forward: exact payload match; RAW carries no source identity by specification
Java I2P,2.13.1-1~ubuntu4,3.3,raw,not applicable,pass,,e3f67cd7b00e4db2f8f00c6a191c04c54d899b55018ce152fda8c85810dd3e20,datagram_payload_exchange_control_socket: exact payload match; RAW carries no source identity by specification
Java I2P,2.13.1-1~ubuntu4,3.3,datagram2,not applicable,pass,,c588098cf2baca89e850e47c78140920be451d79353fc2d5dab1c8653ed737b0,datagram_payload_exchange_udp_forward: exact payload match with authenticated D2 source
Java I2P,2.13.1-1~ubuntu4,3.3,datagram3,not applicable,pass,,9066d39debae51f012f5196b1495dca3df7fe6ca55a9d25a779f9ea3d78f8b9f,datagram_payload_exchange_udp_forward: exact payload match; D3 source remains an unverified hash by specification
Java I2P,2.13.1-1~ubuntu4,3.3,shared,PRIMARY,pass,,24d52ad84c9533901a043872a2d0a81fd33d089811e64ec2a599a10635bd64c8,shared_subsession_stream_payload_single_destination: exact STREAM child payload under one owner Destination; child removal succeeded; owner teardown invalidated the child
Java I2P,2.13.1-1~ubuntu4,3.3,shared,PRIMARY,pass,,24d52ad84c9533901a043872a2d0a81fd33d089811e64ec2a599a10635bd64c8,shared_subsession_datagram_payload_single_destination: exact DATAGRAM child payload under owner Destination with authenticated peer source; owner teardown invalidated the child
Java I2P,2.13.1-1~ubuntu4,3.3,shared,MASTER,pass,,7d90c07549199cf245a3c738f714300a314457c76b10434915b107f714532412,shared_subsession_stream_payload_single_destination: exact STREAM child payload under one owner Destination; child removal succeeded; owner teardown invalidated the child
Java I2P,2.13.1-1~ubuntu4,3.3,shared,MASTER,pass,,7d90c07549199cf245a3c738f714300a314457c76b10434915b107f714532412,shared_subsession_datagram_payload_single_destination: exact DATAGRAM child payload under owner Destination with authenticated peer source; owner teardown invalidated the child
i2pd,d147bb0fd6789c75dc1c4d70c4f79b151a552d53,3.3,stream,not applicable,not_run,router_timeout,,HELLO REPLY ok SAM 3.3; both same-router SESSION CREATE ok with 120s control timeout and NAMING LOOKUP NAME=ME ok after I2P-Base64 normalization; STREAM payload exchange timed out with no usable inbound tunnel; router readiness limitation not client failure; artifact=artifacts/interop/m011-2026-10-08/i2pd-long-timeout-stream/
i2pd,d147bb0fd6789c75dc1c4d70c4f79b151a552d53,3.3,datagram,not applicable,not_run,peer_identity_unavailable,,HELLO REPLY ok SAM 3.3; early same-router attempt could not resolve concrete transient peer Destination so no payload exchange was attempted; artifact=artifacts/interop/m011-2026-10-08/i2pd-conformance.json
i2pd,d147bb0fd6789c75dc1c4d70c4f79b151a552d53,3.3,raw,not applicable,not_run,peer_identity_unavailable,,HELLO REPLY ok SAM 3.3; early same-router attempt could not resolve concrete transient peer Destination so no payload exchange was attempted; artifact=artifacts/interop/m011-2026-10-08/i2pd-conformance.json
i2pd,d147bb0fd6789c75dc1c4d70c4f79b151a552d53,3.3,datagram2,not applicable,not_run,peer_identity_unavailable,,HELLO REPLY ok SAM 3.3; early same-router attempt could not resolve concrete transient peer Destination so no payload exchange was attempted; artifact=artifacts/interop/m011-2026-10-08/i2pd-conformance.json
i2pd,d147bb0fd6789c75dc1c4d70c4f79b151a552d53,3.3,datagram3,not applicable,not_run,peer_identity_unavailable,,HELLO REPLY ok SAM 3.3; early same-router attempt could not resolve concrete transient peer Destination so no payload exchange was attempted; artifact=artifacts/interop/m011-2026-10-08/i2pd-conformance.json
i2pd,d147bb0fd6789c75dc1c4d70c4f79b151a552d53,3.3,shared,PRIMARY,unsupported,router_rejected_style,,explicit router verdict Unknown STYLE for PRIMARY; i2pd retains MASTER spelling; compatibility observation not a payload failure; see plans/closure/sam-library/016-status.md
i2pd,d147bb0fd6789c75dc1c4d70c4f79b151a552d53,3.3,shared,MASTER,not_run,router_timeout,,MASTER shared session could not complete payload exchange; router log reported no peers available for inbound tunnel creation and system 2.49.0 build dies under session load; readiness limitation not client failure
i2pr,4f4e98f5a0241355af5099c73065088dede1b1de,not observed,stream,not applicable,not_run,not_qualified,,not live-qualified by M011; no interoperability claim; future maturity work
i2pr,4f4e98f5a0241355af5099c73065088dede1b1de,not observed,datagram,not applicable,not_run,not_qualified,,not live-qualified by M011; no interoperability claim; future maturity work
i2pr,4f4e98f5a0241355af5099c73065088dede1b1de,not observed,raw,not applicable,not_run,not_qualified,,not live-qualified by M011; no interoperability claim; future maturity work
i2pr,4f4e98f5a0241355af5099c73065088dede1b1de,not observed,datagram2,not applicable,not_run,not_qualified,,not live-qualified by M011; no interoperability claim; future maturity work
i2pr,4f4e98f5a0241355af5099c73065088dede1b1de,not observed,datagram3,not applicable,not_run,not_qualified,,not live-qualified by M011; no interoperability claim; future maturity work
i2pr,4f4e98f5a0241355af5099c73065088dede1b1de,not observed,shared,PRIMARY,not_run,not_qualified,,not live-qualified by M011; no interoperability claim; future maturity work
i2pr,4f4e98f5a0241355af5099c73065088dede1b1de,not observed,shared,MASTER,not_run,not_qualified,,not live-qualified by M011; no interoperability claim; future maturity work
